epoch,train_l1,val_l1,TOMM20_pixel_r,TOMM20_event_r,TOMM20_pred_PS
1,0.04367046700382875,0.1098542700338305,,,
2,0.03894109231253666,0.14022979414920336,,,
3,0.03735323658570497,0.11313039397344696,,,
4,0.03646712803504483,0.09647281353367165,,,
5,0.035637053751985635,0.0954874183431973,0.44582963628437183,0.39970136289372876,
6,0.03506801995489533,0.09120242479939325,,,
7,0.03389035194472532,0.08794378718706614,,,
8,0.03311121715891241,0.09616310816621314,,,
9,0.03338604514182918,0.08915987428191058,,,
10,0.03168380842152168,0.10964198021558148,0.7716434536320744,0.8387742543625121,
11,0.03232583921615925,0.07799144924002946,,,
12,0.03163932409977873,0.09268719557598021,,,
