epoch,train_l1,val_l1,DAPI_pixel_r,DAPI_event_r,DAPI_pred_PS
1,0.04378292017838971,0.12632118107469856,,,
2,0.0380520715067784,0.10845398556052183,,,
3,0.036107962436798445,0.1076469599606536,,,
4,0.03509710407392545,0.09738740466757863,,,
5,0.03384115813481888,0.16470283926473658,0.8188679831976814,0.8352250581106664,
6,0.033432022160427136,0.10828866589472319,,,
7,0.03141091005744958,0.09272967941657223,,,
8,0.03061998374948297,0.0909799290263763,,,
9,0.029318145297542966,0.09772073479898977,,,
10,0.02859364513947506,0.10389919916290812,0.8353331317245272,0.8629276041034593,
11,0.027928292168059733,0.08153589180281216,,,
12,0.02680008934014273,0.08261437537681768,,,
13,0.02593121640948635,0.07638536264861653,,,
14,0.02524820898944882,0.07493826747319446,,,
15,0.024362736597958238,0.07414061474690722,0.8946126441588166,0.9037476765000443,
16,0.022925066344615587,0.07020347011561348,,,
17,0.022206789098981054,0.06901275281840061,,,
18,0.021538085301064883,0.06675208952015459,,,
19,0.02097409126044624,0.06683523745077277,,,
20,0.02048406882293096,0.06703649178438245,0.9178897883740688,0.9262380605023831,
