epoch,train_l1,val_l1,ACRV1_pixel_r,ACRV1_event_r,ACRV1_pred_PS
1,0.04549492747595013,0.10955401684422113,,,
2,0.039273669265887955,0.09871685285403332,,,
3,0.03792123019895971,0.10742121127994284,,,
4,0.03700163373441407,0.0863723962502573,,,
5,0.03722874219419579,0.08757028439187112,0.9128438500647856,0.9567414382283481,
6,0.03744156573983756,0.09869237639980624,,,
7,0.035202141525067066,0.09000789272502474,,,
8,0.03180936294347549,0.07574293932681025,,,
9,0.03009355219664297,0.08883993328804415,,,
10,0.028812895682624694,0.06633194173592065,0.9427920632641517,0.9695423899869032,
11,0.02779859544314218,0.07107438189188336,,,
12,0.02670032008917946,0.08192992786423176,,,
13,0.027417719160341456,0.07137451085735885,,,
14,0.025432762583272425,0.07354007038850302,,,
15,0.023970002556213427,0.0712114523919172,0.9372845276137226,0.9620767430466292,
16,0.023139424048213647,0.06427891531298026,,,
17,0.022450154719353726,0.06450718943125608,,,
18,0.021783749961767733,0.062153799141855134,,,
19,0.021071130880201707,0.06033603249888536,,,
20,0.021004701494192233,0.06041232029756728,0.9528885582924247,0.9765419039509092,
