epoch,train_l1,val_l1,LDHC/AKAP4_pixel_r,LDHC/AKAP4_event_r,LDHC/AKAP4_pred_PS,ACRV1_pixel_r,ACRV1_event_r,ACRV1_pred_PS,DAPI_pixel_r,DAPI_event_r,DAPI_pred_PS,TOMM20_pixel_r,TOMM20_event_r,TOMM20_pred_PS
1,0.207538847168688,0.14589890092611313,,,,,,,,,,,,
2,0.15405715929237682,0.1357903778553009,,,,,,,,,,,,
3,0.1460005126968779,0.16480401158332825,,,,,,,,,,,,
4,0.1404569346696038,0.13261301815509796,,,,,,,,,,,,
5,0.13504527882995832,0.12181919813156128,0.8520800532891846,0.8916480007090647,,0.9085565238612641,0.9313988448697154,,0.8339712952260715,0.8388507838434871,,0.3466136921094643,0.17218188425645628,
6,0.13110171494259176,0.11961515247821808,,,,,,,,,,,,
7,0.12605257387514468,0.12473667785525322,,,,,,,,,,,,
8,0.11879903569767371,0.14465219527482986,,,,,,,,,,,,
9,0.11527185897132765,0.11070367693901062,,,,,,,,,,,,
10,0.11417939401034152,0.10938528552651405,0.9198182089810149,0.9523564950309933,,0.9385251072407556,0.9741530464738517,,0.8570790189940054,0.888708359515719,,0.8080384375098487,0.8684512009961088,
11,0.10695474441806074,0.10618622973561287,,,,,,,,,,,,
12,0.10633861061549348,0.09956124424934387,,,,,,,,,,,,
13,0.10387435502777195,0.09105462208390236,,,,,,,,,,,,
14,0.09585513864402417,0.09070905297994614,,,,,,,,,,,,
15,0.09431413973772566,0.08251071721315384,0.9425084245865475,0.9728108229416457,,0.9479114631042468,0.9730308795284357,,0.9156323428719565,0.9287402303330566,,0.8881406886419964,0.9272459226015273,
16,0.08854534710296477,0.0806490033864975,,,,,,,,,,,,
17,0.08518190301879487,0.07899780571460724,,,,,,,,,,,,
18,0.08323028311133385,0.07787021994590759,,,,,,,,,,,,
19,0.08084597447353983,0.07659938558936119,,,,,,,,,,,,
20,0.08029245799689581,0.07704934477806091,0.9494798682605619,0.9790256572201768,,0.9578933329165752,0.9833995975089447,,0.9223302171059814,0.9353922479784837,,0.9397063629839626,0.9744301551700831,
