epoch,train_l1,val_l1,LDHC/AKAP4_pixel_r,LDHC/AKAP4_event_r,LDHC/AKAP4_pred_PS
1,0.03774247438292511,0.10244597189525985,,,
2,0.029445631692957396,0.08360668220121856,,,
3,0.029004855702320736,0.1482552621336055,,,
4,0.02770435730440649,0.10695316495691214,,,
5,0.02666942739501746,0.08277067267264232,0.8644764105088679,0.8967435953162529,
6,0.025229808404063334,0.07585231724908582,,,
7,0.02422683529856831,0.07896014642282011,,,
8,0.02334584816286861,0.06899001116238407,,,
9,0.022926458464904063,0.06129625616956305,,,
10,0.022039269363689502,0.06665394445680026,0.9091290465146575,0.9271876984127877,
11,0.02127284996261701,0.0576575230250818,,,
12,0.020458098733013727,0.05971492837216189,,,
13,0.020099293161497174,0.05521874615918948,,,
14,0.01933454506111767,0.05445948939631161,,,
15,0.018739355536748464,0.05149078479658835,0.9335436312340366,0.94548912991853,
16,0.017858893601129754,0.049980327180030176,,,
17,0.0172363510386711,0.04775638855288274,,,
18,0.016770307965551564,0.046790293666767804,,,
19,0.016140652453583298,0.04641991560980721,,,
20,0.015952956232458654,0.046256811866420416,0.9464220033081283,0.963576245254924,
